zone,states,n_samples,tdb_mean,tdb_std,tdb_p5,tdb_p25,tdb_p50,tdb_p75,tdb_p95,tdb_max,rh_mean,rh_std,rh_p5,rh_p50,rh_p95,wind_mean,wind_p5,wind_p50,wind_p95,tr_offset_p5,tr_offset_p50,tr_offset_p95,source_year,source_file
Hot_Dry,"Rajasthan, Gujarat, MP",611863,33.7,5.5,25.6,29.2,33.0,38.3,42.6,51.9,43.1,22.9,13.5,38.1,83.9,4.06,1.17,3.73,8.05,0.0,2.5,3.9,2010,era5_india_summer_2010.nc
Hot_Humid,"Kerala, TN coast, AP coast, Odisha, WB",1016652,30.1,3.5,25.4,28.5,29.5,30.7,38.0,45.9,71.0,18.4,29.8,77.8,89.4,4.86,1.04,4.17,10.53,0.0,2.2,3.8,2010,era5_india_summer_2010.nc
Semi_Arid,"Karnataka, Telangana, Maharashtra, TN interior",396396,31.9,5.0,24.5,28.4,30.9,35.7,40.6,46.7,55.6,22.5,20.0,56.4,89.0,3.44,0.95,3.13,6.88,0.0,2.3,3.9,2010,era5_india_summer_2010.nc
Composite,"Delhi, UP, Bihar, Haryana, Punjab",496714,32.9,6.5,20.6,28.5,33.7,38.2,42.0,47.4,40.0,20.7,13.3,36.2,80.0,3.05,0.77,2.78,6.17,0.1,2.6,4.0,2010,era5_india_summer_2010.nc
Highland,"Himachal, Uttarakhand, Northeast",495017,29.3,7.3,17.0,23.9,29.0,35.2,41.1,46.9,54.9,26.6,15.0,54.0,95.3,2.54,0.52,2.16,5.73,0.2,2.5,4.1,2010,era5_india_summer_2010.nc
Hot_Dry,"Rajasthan, Gujarat, MP",611535,32.2,5.4,23.7,28.3,31.6,36.3,41.1,49.9,47.7,22.3,15.7,44.9,84.6,4.07,1.05,3.7,8.33,0.0,2.4,3.9,2011,era5_india_summer_2011.nc
Hot_Humid,"Kerala, TN coast, AP coast, Odisha, WB",1016643,29.3,3.2,24.6,27.6,28.9,30.0,36.2,43.9,70.9,17.2,33.2,77.0,89.1,4.71,0.99,4.04,9.97,0.0,2.2,3.8,2011,era5_india_summer_2011.nc
Semi_Arid,"Karnataka, Telangana, Maharashtra, TN interior",396387,30.6,4.5,23.6,27.3,29.9,34.1,38.5,44.0,57.4,20.6,24.0,58.0,88.5,3.52,0.94,3.17,7.33,0.0,2.3,3.9,2011,era5_india_summer_2011.nc
Composite,"Delhi, UP, Bihar, Haryana, Punjab",486755,30.9,6.1,19.9,26.9,31.2,35.3,40.2,47.6,49.2,22.3,17.7,46.6,89.4,2.74,0.68,2.48,5.56,0.1,2.5,4.0,2011,era5_india_summer_2011.nc
Highland,"Himachal, Uttarakhand, Northeast",479135,28.2,6.2,17.5,23.8,28.2,32.7,38.7,46.7,60.6,23.2,21.4,63.3,94.3,2.18,0.46,1.85,4.94,0.2,2.4,4.2,2011,era5_india_summer_2011.nc
Hot_Dry,"Rajasthan, Gujarat, MP",611718,32.3,5.3,24.2,28.1,31.9,36.5,40.8,48.5,46.6,21.3,17.2,43.0,84.1,4.02,1.21,3.76,7.83,0.0,2.5,3.9,2012,era5_india_summer_2012.nc
Hot_Humid,"Kerala, TN coast, AP coast, Odisha, WB",1016652,29.8,3.5,25.1,28.1,29.1,30.6,37.5,46.2,69.6,19.0,29.0,77.2,88.8,5.12,1.12,4.59,10.69,0.0,2.3,3.8,2012,era5_india_summer_2012.nc
Semi_Arid,"Karnataka, Telangana, Maharashtra, TN interior",396396,31.6,5.0,24.1,28.1,30.8,35.5,40.1,46.4,53.5,21.8,20.5,52.5,87.9,3.53,1.02,3.31,6.72,0.0,2.3,3.9,2012,era5_india_summer_2012.nc
Composite,"Delhi, UP, Bihar, Haryana, Punjab",494681,32.1,6.6,19.9,27.7,33.0,37.3,41.5,47.0,39.4,18.4,15.7,35.7,76.5,3.1,0.79,2.86,6.1,0.1,2.6,4.0,2012,era5_india_summer_2012.nc
Highland,"Himachal, Uttarakhand, Northeast",495558,29.1,7.3,16.8,23.5,29.0,35.0,40.8,46.4,51.3,25.2,16.3,47.0,93.9,2.6,0.54,2.2,5.82,0.2,2.5,4.2,2012,era5_india_summer_2012.nc
Hot_Dry,"Rajasthan, Gujarat, MP",611624,32.0,5.5,23.7,27.9,31.4,36.1,41.2,48.8,48.4,23.3,15.7,45.5,86.8,3.85,1.1,3.6,7.4,0.0,2.4,3.9,2013,era5_india_summer_2013.nc
Hot_Humid,"Kerala, TN coast, AP coast, Odisha, WB",1016652,29.6,3.5,24.7,27.8,29.0,30.2,37.5,46.4,70.6,18.2,30.1,77.0,89.6,5.02,1.08,4.43,10.55,0.0,2.1,3.9,2013,era5_india_summer_2013.nc
Semi_Arid,"Karnataka, Telangana, Maharashtra, TN interior",396396,31.0,5.1,23.7,27.3,30.1,34.7,40.1,46.7,57.0,22.4,20.7,59.0,89.8,3.63,1.03,3.35,7.11,0.0,2.2,3.9,2013,era5_india_summer_2013.nc
Composite,"Delhi, UP, Bihar, Haryana, Punjab",494376,30.9,6.3,19.5,26.7,31.3,35.6,40.8,47.2,48.7,23.6,16.2,45.8,90.2,2.96,0.72,2.69,6.01,0.1,2.4,4.0,2013,era5_india_summer_2013.nc
Highland,"Himachal, Uttarakhand, Northeast",496382,28.1,6.7,16.7,23.3,28.2,33.0,39.2,46.0,58.5,25.1,18.1,61.6,94.3,2.46,0.5,2.07,5.59,0.2,2.4,4.2,2013,era5_india_summer_2013.nc
Hot_Dry,"Rajasthan, Gujarat, MP",611641,32.4,5.5,23.7,28.3,32.1,36.7,41.4,47.9,46.0,20.9,17.2,42.8,83.1,3.79,1.0,3.43,7.85,0.0,2.5,3.9,2014,era5_india_summer_2014.nc
Hot_Humid,"Kerala, TN coast, AP coast, Odisha, WB",1016652,29.9,3.4,25.5,28.1,29.2,30.6,37.4,44.4,69.6,18.3,30.4,76.7,88.6,4.39,0.92,3.85,9.42,0.0,2.3,3.8,2014,era5_india_summer_2014.nc
Semi_Arid,"Karnataka, Telangana, Maharashtra, TN interior",396396,31.6,4.7,24.5,28.1,30.7,35.5,39.3,45.5,54.2,20.7,22.6,53.3,86.9,3.22,0.83,2.93,6.6,0.0,2.3,3.9,2014,era5_india_summer_2014.nc
Composite,"Delhi, UP, Bihar, Haryana, Punjab",491797,31.4,6.5,19.3,27.0,32.1,36.4,40.8,47.0,43.9,19.8,17.7,40.6,81.9,2.96,0.76,2.71,5.94,0.1,2.6,4.0,2014,era5_india_summer_2014.nc
Highland,"Himachal, Uttarakhand, Northeast",491773,28.7,6.9,16.8,23.6,28.7,34.0,39.8,46.8,54.2,24.2,19.0,52.3,93.9,2.52,0.52,2.15,5.7,0.2,2.5,4.2,2014,era5_india_summer_2014.nc
Hot_Dry,"Rajasthan, Gujarat, MP",611733,32.4,5.3,24.6,28.5,31.4,36.7,41.5,48.4,49.8,21.7,17.6,47.5,84.5,3.53,0.95,3.23,7.12,0.0,2.4,3.9,2015,era5_india_summer_2015.nc
Hot_Humid,"Kerala, TN coast, AP coast, Odisha, WB",1016652,29.3,3.2,25.0,27.8,28.9,30.0,36.3,45.8,72.5,15.9,36.7,77.7,89.2,4.55,0.88,3.8,10.47,0.0,2.1,3.8,2015,era5_india_summer_2015.nc
Semi_Arid,"Karnataka, Telangana, Maharashtra, TN interior",396396,30.7,4.6,24.2,27.4,29.9,33.9,39.1,46.1,59.9,19.8,25.9,62.2,87.9,3.25,0.78,2.87,7.15,0.0,2.2,3.9,2015,era5_india_summer_2015.nc
Composite,"Delhi, UP, Bihar, Haryana, Punjab",488442,31.0,6.2,19.9,27.0,31.2,35.6,40.9,45.8,50.5,20.4,19.7,48.9,85.6,2.73,0.69,2.49,5.48,0.1,2.5,4.0,2015,era5_india_summer_2015.nc
Highland,"Himachal, Uttarakhand, Northeast",483989,28.2,6.6,17.0,23.5,28.0,32.7,39.6,45.8,61.3,22.5,23.1,63.5,93.8,2.31,0.48,1.98,5.17,0.2,2.4,4.2,2015,era5_india_summer_2015.nc
Hot_Dry,"Rajasthan, Gujarat, MP",611749,33.1,5.2,25.6,29.1,32.3,37.1,42.0,50.0,48.3,21.1,18.0,45.4,83.8,3.89,1.14,3.56,7.78,0.0,2.4,3.9,2016,era5_india_summer_2016.nc
Hot_Humid,"Kerala, TN coast, AP coast, Odisha, WB",1016652,30.1,3.4,25.7,28.3,29.5,30.6,37.7,44.5,71.2,17.1,33.1,76.9,89.5,4.82,1.03,4.09,10.57,0.0,2.2,3.9,2016,era5_india_summer_2016.nc
Semi_Arid,"Karnataka, Telangana, Maharashtra, TN interior",396396,31.8,4.7,24.9,28.4,30.9,35.4,40.1,45.3,57.4,20.7,25.1,58.4,88.3,3.42,0.94,3.1,6.83,0.0,2.2,3.9,2016,era5_india_summer_2016.nc
Composite,"Delhi, UP, Bihar, Haryana, Punjab",493747,32.0,6.1,20.4,28.3,32.2,36.7,40.9,48.6,48.3,21.0,17.9,46.1,85.3,2.88,0.73,2.65,5.73,0.1,2.5,4.0,2016,era5_india_summer_2016.nc
Highland,"Himachal, Uttarakhand, Northeast",490831,28.8,6.7,17.1,24.1,28.8,33.6,39.7,48.2,60.7,23.4,20.6,63.8,93.9,2.36,0.49,2.01,5.26,0.2,2.4,4.1,2016,era5_india_summer_2016.nc
Hot_Dry,"Rajasthan, Gujarat, MP",611788,32.9,5.2,25.7,28.9,32.0,37.2,41.7,50.3,48.2,22.3,16.0,45.5,85.0,3.91,1.14,3.64,7.74,0.0,2.4,3.9,2017,era5_india_summer_2017.nc
Hot_Humid,"Kerala, TN coast, AP coast, Odisha, WB",1016652,30.0,3.4,25.7,28.2,29.1,30.6,37.9,45.0,71.0,18.3,29.9,78.0,89.4,4.76,1.05,4.2,10.08,0.0,2.2,3.9,2017,era5_india_summer_2017.nc
Semi_Arid,"Karnataka, Telangana, Maharashtra, TN interior",396396,31.8,4.7,24.9,28.4,30.8,35.6,40.1,45.0,55.9,22.0,21.2,57.1,88.0,3.41,0.99,3.15,6.8,0.0,2.3,3.9,2017,era5_india_summer_2017.nc
Composite,"Delhi, UP, Bihar, Haryana, Punjab",490240,31.7,6.0,20.6,28.0,31.9,36.3,40.8,47.9,49.0,20.8,18.2,47.1,84.9,2.81,0.71,2.58,5.59,0.1,2.5,4.0,2017,era5_india_summer_2017.nc
Highland,"Himachal, Uttarakhand, Northeast",484511,28.7,6.5,17.4,24.2,28.7,33.4,39.5,46.4,61.5,22.8,22.4,64.5,94.1,2.29,0.48,1.95,5.18,0.2,2.4,4.2,2017,era5_india_summer_2017.nc
Hot_Dry,"Rajasthan, Gujarat, MP",611820,33.2,5.3,25.7,29.0,32.3,37.6,42.1,49.9,46.2,22.1,16.0,42.3,84.6,3.85,1.12,3.52,7.81,0.0,2.4,3.9,2018,era5_india_summer_2018.nc
Hot_Humid,"Kerala, TN coast, AP coast, Odisha, WB",1016652,29.5,3.2,25.4,27.8,28.9,30.1,36.7,44.7,72.0,16.3,35.7,77.5,89.0,4.44,0.96,3.72,10.35,0.0,2.2,3.8,2018,era5_india_summer_2018.nc
Semi_Arid,"Karnataka, Telangana, Maharashtra, TN interior",396396,31.3,4.5,24.7,28.1,30.4,34.7,39.4,44.9,58.5,20.1,24.8,60.2,87.6,3.2,0.88,2.89,6.65,0.0,2.3,3.9,2018,era5_india_summer_2018.nc
Composite,"Delhi, UP, Bihar, Haryana, Punjab",494123,31.4,6.2,19.7,27.4,31.8,36.1,40.8,47.1,48.7,20.7,17.4,47.2,84.7,2.9,0.76,2.66,5.79,0.1,2.5,4.0,2018,era5_india_summer_2018.nc
Highland,"Himachal, Uttarakhand, Northeast",498589,28.2,6.7,16.7,23.5,28.2,33.0,39.4,46.3,59.8,22.8,20.2,62.4,93.0,2.4,0.49,2.04,5.47,0.2,2.4,4.2,2018,era5_india_summer_2018.nc
Hot_Dry,"Rajasthan, Gujarat, MP",611735,33.0,5.5,25.2,28.6,32.1,37.5,42.0,49.7,46.7,21.6,16.9,42.9,84.6,3.61,1.07,3.38,6.93,0.0,2.4,3.9,2019,era5_india_summer_2019.nc
Hot_Humid,"Kerala, TN coast, AP coast, Odisha, WB",1016652,30.3,3.5,26.2,28.5,29.4,31.0,38.3,46.0,69.7,18.7,29.6,77.4,88.7,4.66,1.0,4.13,9.74,0.0,2.3,3.9,2019,era5_india_summer_2019.nc
Semi_Arid,"Karnataka, Telangana, Maharashtra, TN interior",396396,32.6,4.8,25.3,29.0,31.8,36.5,40.7,46.0,53.0,21.0,22.2,51.4,86.2,3.3,0.94,3.06,6.6,0.0,2.4,3.9,2019,era5_india_summer_2019.nc
Composite,"Delhi, UP, Bihar, Haryana, Punjab",493354,32.0,6.5,19.9,27.9,32.2,37.0,41.5,47.9,45.7,19.7,17.4,43.4,81.0,2.87,0.74,2.63,5.73,0.1,2.6,4.0,2019,era5_india_summer_2019.nc
Highland,"Himachal, Uttarakhand, Northeast",495977,28.8,7.0,16.9,23.9,28.8,33.8,40.3,47.3,57.3,23.4,19.2,58.3,92.9,2.46,0.51,2.07,5.64,0.2,2.5,4.2,2019,era5_india_summer_2019.nc
Hot_Dry,"Rajasthan, Gujarat, MP",611689,32.4,5.2,24.7,28.5,31.6,36.5,41.2,49.9,50.4,21.0,20.0,48.1,85.3,3.56,1.03,3.33,6.87,0.0,2.4,3.9,2020,era5_india_summer_2020.nc
Hot_Humid,"Kerala, TN coast, AP coast, Odisha, WB",1016652,29.7,3.1,25.6,28.1,29.2,30.3,36.6,45.2,71.9,16.0,36.5,77.0,89.1,4.18,0.88,3.55,9.33,0.0,2.2,3.8,2020,era5_india_summer_2020.nc
Semi_Arid,"Karnataka, Telangana, Maharashtra, TN interior",396396,31.2,4.3,24.8,28.0,30.3,34.5,38.8,45.2,59.9,19.7,27.2,61.5,88.5,3.08,0.81,2.8,6.29,0.0,2.2,3.9,2020,era5_india_summer_2020.nc
Composite,"Delhi, UP, Bihar, Haryana, Punjab",488953,30.0,5.9,19.5,26.3,30.0,34.2,39.3,46.9,55.3,21.0,22.1,55.2,89.4,2.64,0.67,2.44,5.26,0.1,2.4,4.0,2020,era5_india_summer_2020.nc
Highland,"Himachal, Uttarakhand, Northeast",482451,27.5,6.1,16.9,23.3,27.5,31.7,37.6,45.9,64.1,21.9,24.8,66.8,95.1,2.24,0.49,1.92,4.95,0.2,2.4,4.1,2020,era5_india_summer_2020.nc
Hot_Dry,"Rajasthan, Gujarat, MP",611782,31.8,4.9,24.4,28.2,31.0,36.0,39.9,47.7,49.8,21.3,18.0,47.9,83.9,3.63,1.01,3.34,7.3,0.0,2.3,3.9,2021,era5_india_summer_2021.nc
Hot_Humid,"Kerala, TN coast, AP coast, Odisha, WB",1016652,29.3,2.9,25.0,27.8,28.9,30.0,35.5,41.4,71.9,15.4,37.8,76.7,89.0,4.36,0.9,3.65,10.18,0.0,2.2,3.8,2021,era5_india_summer_2021.nc
Semi_Arid,"Karnataka, Telangana, Maharashtra, TN interior",396396,30.3,4.0,24.2,27.3,29.6,33.4,37.3,41.6,60.8,19.1,27.2,63.1,88.3,3.27,0.82,2.93,6.81,0.0,2.1,3.8,2021,era5_india_summer_2021.nc
Composite,"Delhi, UP, Bihar, Haryana, Punjab",488179,30.0,5.6,19.8,26.4,29.9,34.5,38.5,45.8,52.6,22.6,18.2,50.9,90.6,2.65,0.67,2.44,5.3,0.1,2.4,4.0,2021,era5_india_summer_2021.nc
Highland,"Himachal, Uttarakhand, Northeast",484986,27.7,5.9,17.1,23.9,27.8,31.9,37.3,43.4,61.6,23.0,21.1,64.4,94.3,2.22,0.48,1.94,4.9,0.2,2.4,4.1,2021,era5_india_summer_2021.nc
Hot_Dry,"Rajasthan, Gujarat, MP",611871,33.4,5.4,25.9,29.0,32.3,38.2,42.3,49.8,45.7,22.6,15.1,41.9,84.2,3.91,1.15,3.66,7.7,0.0,2.5,4.0,2022,era5_india_summer_2022.nc
Hot_Humid,"Kerala, TN coast, AP coast, Odisha, WB",1016652,29.5,3.2,25.2,27.9,29.0,30.0,36.6,44.0,72.4,16.6,35.2,78.4,89.2,4.59,1.02,3.97,9.63,0.0,2.2,3.8,2022,era5_india_summer_2022.nc
Semi_Arid,"Karnataka, Telangana, Maharashtra, TN interior",396396,31.2,4.6,24.4,28.0,30.3,34.6,39.3,44.8,58.6,20.4,24.9,59.7,88.3,3.17,0.94,2.94,6.21,0.0,2.2,3.9,2022,era5_india_summer_2022.nc
Composite,"Delhi, UP, Bihar, Haryana, Punjab",498040,31.9,6.4,19.8,27.9,32.1,37.0,41.4,46.9,47.8,22.0,16.5,45.7,86.4,2.87,0.74,2.69,5.52,0.1,2.5,4.0,2022,era5_india_summer_2022.nc
Highland,"Himachal, Uttarakhand, Northeast",498707,28.5,6.9,16.8,23.6,28.3,33.5,40.2,46.3,60.8,24.8,19.0,63.9,96.0,2.37,0.51,2.06,5.13,0.2,2.4,4.1,2022,era5_india_summer_2022.nc
Hot_Dry,"Rajasthan, Gujarat, MP",611587,31.1,5.1,23.3,27.6,30.4,35.0,39.7,47.0,52.8,21.4,19.8,51.5,87.0,3.72,1.0,3.35,7.61,0.0,2.3,3.9,2023,era5_india_summer_2023.nc
Hot_Humid,"Kerala, TN coast, AP coast, Odisha, WB",1016652,29.9,3.2,25.5,28.3,29.4,30.7,36.8,43.8,70.6,17.4,33.1,77.0,88.8,4.32,0.89,3.8,9.33,0.0,2.3,3.8,2023,era5_india_summer_2023.nc
Semi_Arid,"Karnataka, Telangana, Maharashtra, TN interior",396396,31.3,4.4,24.6,28.1,30.7,34.7,39.0,43.8,56.1,19.9,25.9,55.4,87.4,3.18,0.81,2.95,6.33,0.0,2.3,3.9,2023,era5_india_summer_2023.nc
Composite,"Delhi, UP, Bihar, Haryana, Punjab",487073,30.3,6.0,19.7,26.3,30.5,34.9,39.7,45.5,50.2,20.6,20.4,48.1,87.2,2.8,0.7,2.52,5.78,0.1,2.5,4.0,2023,era5_india_summer_2023.nc
Highland,"Himachal, Uttarakhand, Northeast",481027,28.3,6.4,17.2,23.8,28.3,32.9,38.9,44.5,57.8,22.4,22.3,57.5,93.5,2.37,0.51,2.0,5.46,0.2,2.5,4.2,2023,era5_india_summer_2023.nc
Hot_Dry,"Rajasthan, Gujarat, MP",611708,32.9,5.4,24.8,29.0,32.3,36.8,42.3,50.5,47.0,21.2,17.5,43.5,84.1,3.53,1.0,3.25,7.02,0.0,2.4,3.9,2024,era5_india_summer_2024.nc
Hot_Humid,"Kerala, TN coast, AP coast, Odisha, WB",1016652,30.1,3.1,25.9,28.5,29.5,30.7,37.1,44.9,72.4,17.0,33.5,78.7,89.5,4.55,0.94,3.82,10.2,0.0,2.1,3.9,2024,era5_india_summer_2024.nc
Semi_Arid,"Karnataka, Telangana, Maharashtra, TN interior",396396,31.4,4.4,25.1,28.3,30.5,34.6,39.3,44.9,59.6,20.4,25.3,61.6,88.7,3.16,0.83,2.86,6.53,0.0,2.1,3.9,2024,era5_india_summer_2024.nc
Composite,"Delhi, UP, Bihar, Haryana, Punjab",497501,32.1,6.4,19.8,28.0,32.6,36.7,41.9,48.4,44.7,19.9,18.2,41.5,82.8,2.99,0.77,2.75,5.98,0.1,2.5,4.0,2024,era5_india_summer_2024.nc
Highland,"Himachal, Uttarakhand, Northeast",499405,29.2,7.0,16.9,24.4,29.3,34.4,40.6,47.5,55.2,24.1,19.3,54.0,94.0,2.58,0.53,2.2,5.81,0.2,2.5,4.1,2024,era5_india_summer_2024.nc
Hot_Dry,"Rajasthan, Gujarat, MP",611849,32.4,5.2,25.2,28.5,31.2,36.5,41.6,48.4,51.8,23.1,16.5,50.2,87.7,3.75,1.09,3.44,7.43,0.0,2.3,3.9,2025,era5_india_summer_2025.nc
Hot_Humid,"Kerala, TN coast, AP coast, Odisha, WB",1016652,29.3,2.9,25.0,27.9,29.1,30.1,35.4,43.7,73.2,14.9,39.9,77.5,89.7,4.65,0.97,3.96,10.43,0.0,2.1,3.8,2025,era5_india_summer_2025.nc
Semi_Arid,"Karnataka, Telangana, Maharashtra, TN interior",396396,30.2,4.1,24.3,27.3,29.7,32.8,37.7,44.0,63.1,19.1,28.0,66.5,89.9,3.4,0.87,3.02,7.14,0.0,2.1,3.8,2025,era5_india_summer_2025.nc
Composite,"Delhi, UP, Bihar, Haryana, Punjab",494680,30.8,5.9,19.8,27.2,30.8,35.0,39.9,46.7,54.2,21.4,19.9,54.0,89.3,2.71,0.72,2.53,5.32,0.1,2.4,4.0,2025,era5_india_summer_2025.nc
Highland,"Himachal, Uttarakhand, Northeast",497327,28.2,6.2,16.9,24.0,28.4,32.6,38.4,45.9,62.8,21.8,23.7,65.4,94.2,2.27,0.49,1.97,4.94,0.2,2.4,4.1,2025,era5_india_summer_2025.nc
